round,even_share,mean_conf
1,0.205,0.4122656285762787
2,0.663,0.5926388502120972
3,0.486,0.755212664604187
4,0.347,0.7670648694038391
5,0.397,0.794988751411438
